Index,Username
0,OnlyZAYN6
1,deb_politics
2,LawlessBritain
3,DublinCity5
4,SpoilingSJW
5,DrDrewFolk1
6,osswinn
7,BJamesForrest
8,fnlnMxSdBrO1NLG
9,Aynab16
10,Payal_Solanki09
11,bcombs37
12,GaGaforIsrael
13,MissPavIichenko
14,mwinstan
15,20Aristotle
16,luke_ekulh
17,daringdrongo
18,StephBGoldberg
19,AlonUshpiz
20,sttlsnwbrdr
21,arshadkhanjust1
22,queerzionut
23,SerendipitySays
24,JayCee86137684
25,ItsJSto
26,lwaddell123
27,newsinvesting
28,theisraelfiles
29,MidlifeDirtbag
30,RobbyTipps
31,PiperGinny1
32,sbukosky
33,EPICFEMINIST69
34,Tranman64
35,NalllArasan
36,TheArabSource
37,ariaghajar
38,proindrakenzol
39,MikeyMerely
40,27kislev5719
41,257
42,Malka2929
43,sayamenswift
44,doctor_snyder
45,tetuben
46,iltafkhalid01
47,lilBee67569241
48,rosanarivas
49,Hptm_Potzdorf
